{"graph": {"_type": "graph-file", "path": "media/graph/graph_summary_7e6a3af3.graph.json", "sha256": "7e6a3af3d34d9ec46644e2b9b4a15cbe5dca824060236ac242bd8c1c04dbf0d8", "size": 3405}, "_runtime": 186.18845987319946, "_step": 1, "val_accuracy": 0.8032711148262024, "examples": {"width": 43, "height": 60, "format": "png", "count": 36, "_type": "images", "captions": [0, 1, 0, 1, 0, 0, 1, 1, 0, 0, 0, 1, 1, 1, 0, 1, 0, 0, 1, 1, 0, 0, 1, 0, 1, 1, 0, 1, 0, 0, 1, 0, 1, 1, 1, 1]}, "epoch": 0, "_timestamp": 1597831092.081572, "loss": 0.6203404068946838, "accuracy": 0.7733727693557739, "val_loss": 0.5833323001861572, "best_val_loss": 0.5833323001861572, "best_epoch": 0, "real_acc": 0.8032711148262024}
