{"graph": {"_type": "graph-file", "path": "media/graph/graph_summary_7e6a3af3.graph.json", "sha256": "7e6a3af3d34d9ec46644e2b9b4a15cbe5dca824060236ac242bd8c1c04dbf0d8", "size": 3405}, "_timestamp": 1597847914.628563, "epoch": 3, "_runtime": 890.3825199604034, "val_loss": 0.41360044479370117, "_step": 7, "examples": {"width": 43, "height": 60, "format": "png", "count": 36, "_type": "images", "captions": [0, 1, 0, 1, 1, 1, 0, 0, 0, 1, 1, 0, 1, 1, 1, 0, 0, 0, 0, 1, 1, 1, 0, 1, 1, 1, 0, 0, 0, 0, 0, 1, 1, 1, 1, 0]}, "val_accuracy": 0.8828312754631042, "loss": 0.42663899064064026, "accuracy": 0.8784770369529724, "best_val_loss": 0.41360044479370117, "best_epoch": 3, "real_acc": 0.8828312754631042}
