{"graph": {"_type": "graph-file", "path": "media/graph/graph_summary_716bc4e2.graph.json", "sha256": "716bc4e2e3b2ae23d5ab7073df19e11be1bc488bb6df8379c6a5d3ed2d4ec588", "size": 3405}, "accuracy": 0.7770798802375793, "_runtime": 138.5864908695221, "val_accuracy": 0.8218178749084473, "epoch": 0, "loss": 0.6186789870262146, "examples": {"width": 32, "height": 64, "format": "png", "count": 36, "_type": "images", "captions": [1, 0, 1, 1, 0, 1, 0, 1, 0, 0, 1, 1, 1, 1, 1, 1, 1, 1, 0, 1, 1, 1, 0, 1, 0, 1, 1, 1, 1, 0, 1, 1, 0, 0, 0, 0]}, "val_loss": 0.5545759797096252, "_timestamp": 1597683112.915953, "_step": 1, "best_val_loss": 0.5545759797096252, "best_epoch": 0, "real_acc": 0.8218178749084473}
