{"graph": {"_type": "graph-file", "path": "media/graph/graph_summary_716bc4e2.graph.json", "sha256": "716bc4e2e3b2ae23d5ab7073df19e11be1bc488bb6df8379c6a5d3ed2d4ec588", "size": 3405}, "epoch": 0, "accuracy": 0.7788965106010437, "_step": 1, "_runtime": 172.21942400932312, "_timestamp": 1597679168.547292, "examples": {"width": 32, "height": 64, "format": "png", "count": 36, "_type": "images", "captions": [0, 1, 0, 1, 0, 1, 1, 1, 1, 1, 1, 1, 1, 1, 0, 1, 0, 1, 1, 1, 1, 0, 1, 1, 0, 1, 1, 1, 1, 0, 0, 0, 1, 0, 0, 0]}, "val_accuracy": 0.8375207781791687, "val_loss": 0.5296091437339783, "loss": 0.6169857382774353, "best_val_loss": 0.5296091437339783, "best_epoch": 0, "real_acc": 0.8375207781791687}
