{"graph": {"_type": "graph-file", "path": "media/graph/graph_summary_716bc4e2.graph.json", "sha256": "716bc4e2e3b2ae23d5ab7073df19e11be1bc488bb6df8379c6a5d3ed2d4ec588", "size": 3405}, "_runtime": 457.6009171009064, "examples": {"width": 32, "height": 64, "format": "png", "count": 36, "_type": "images", "captions": [0, 0, 1, 0, 0, 0, 0, 1, 1, 0, 1, 1, 1, 0, 0, 1, 1, 1, 1, 1, 0, 0, 0, 0, 0, 0, 0, 1, 1, 0, 0, 1, 1, 1, 1, 1]}, "_timestamp": 1597691313.751463, "epoch": 2, "accuracy": 0.8730525374412537, "_step": 5, "val_accuracy": 0.8863846063613892, "loss": 0.4402119815349579, "val_loss": 0.41325005888938904, "best_val_loss": 0.41325005888938904, "best_epoch": 2, "real_acc": 0.8863846063613892}
