{"graph": {"_type": "graph-file", "path": "media/graph/graph_summary_7e6a3af3.graph.json", "sha256": "7e6a3af3d34d9ec46644e2b9b4a15cbe5dca824060236ac242bd8c1c04dbf0d8", "size": 3405}, "_step": 0, "val_accuracy": 0.7502310276031494, "val_loss": 0.6692830920219421, "epoch": 0, "examples": {"width": 43, "height": 60, "format": "png", "count": 36, "_type": "images", "captions": [1, 1, 1, 1, 0, 0, 1, 0, 0, 1, 1, 1, 0, 0, 1, 1, 0, 1, 1, 1, 0, 1, 0, 1, 0, 0, 1, 1, 1, 0, 1, 0, 1, 1, 1, 1]}, "_timestamp": 1597835855.977828, "accuracy": 0.7761451601982117, "_runtime": 170.4006791114807, "loss": 0.6217626929283142, "best_val_loss": 0.6692830920219421, "best_epoch": 0}
