{"graph": {"_type": "graph-file", "path": "media/graph/graph_summary_716bc4e2.graph.json", "sha256": "716bc4e2e3b2ae23d5ab7073df19e11be1bc488bb6df8379c6a5d3ed2d4ec588", "size": 3405}, "epoch": 0, "loss": 0.5889329314231873, "val_loss": 0.5129010677337646, "examples": {"width": 32, "height": 64, "format": "png", "count": 36, "_type": "images", "captions": [0, 0, 0, 1, 1, 0, 1, 0, 1, 1, 1, 1, 0, 1, 1, 0, 0, 0, 0, 1, 1, 1, 1, 1, 0, 1, 1, 1, 1, 1, 1, 1, 1, 0, 1, 0]}, "_timestamp": 1597679360.1738439, "accuracy": 0.7961389422416687, "_runtime": 160.20446586608887, "val_accuracy": 0.8472196459770203, "_step": 1, "best_val_loss": 0.5129010677337646, "best_epoch": 0, "real_acc": 0.8472196459770203}
