{"graph": {"_type": "graph-file", "path": "media/graph/graph_summary_7e6a3af3.graph.json", "sha256": "7e6a3af3d34d9ec46644e2b9b4a15cbe5dca824060236ac242bd8c1c04dbf0d8", "size": 3405}, "val_loss": 0.5457980632781982, "examples": {"width": 43, "height": 60, "format": "png", "count": 36, "_type": "images", "captions": [1, 0, 0, 1, 0, 0, 0, 0, 1, 0, 1, 1, 0, 1, 0, 0, 0, 1, 0, 1, 1, 1, 0, 1, 0, 0, 1, 1, 0, 1, 1, 0, 1, 0, 1, 1]}, "_runtime": 193.64737796783447, "epoch": 0, "accuracy": 0.775221049785614, "val_accuracy": 0.8312696218490601, "_timestamp": 1597846745.899498, "_step": 0, "loss": 0.6251599788665771, "best_val_loss": 0.5457980632781982, "best_epoch": 0}
