{"graph": {"_type": "graph-file", "path": "media/graph/graph_summary_716bc4e2.graph.json", "sha256": "716bc4e2e3b2ae23d5ab7073df19e11be1bc488bb6df8379c6a5d3ed2d4ec588", "size": 3405}, "val_loss": 0.5210644006729126, "epoch": 0, "examples": {"width": 32, "height": 64, "format": "png", "count": 36, "_type": "images", "captions": [0, 1, 1, 0, 0, 1, 1, 1, 0, 0, 1, 0, 0, 1, 0, 0, 0, 1, 1, 0, 0, 1, 1, 1, 0, 0, 1, 1, 0, 1, 1, 0, 1, 1, 0, 0]}, "val_accuracy": 0.8490670323371887, "_runtime": 156.61127305030823, "loss": 0.6233672499656677, "accuracy": 0.7751092910766602, "_timestamp": 1597682664.405684, "_step": 1, "best_val_loss": 0.5210644006729126, "best_epoch": 0, "real_acc": 0.8490670323371887}
