{"graph": {"_type": "graph-file", "path": "media/graph/graph_summary_716bc4e2.graph.json", "sha256": "716bc4e2e3b2ae23d5ab7073df19e11be1bc488bb6df8379c6a5d3ed2d4ec588", "size": 3405}, "epoch": 0, "accuracy": 0.7593448162078857, "examples": {"width": 32, "height": 64, "format": "png", "count": 36, "_type": "images", "captions": [1, 1, 0, 0, 1, 0, 1, 0, 1, 0, 1, 0, 1, 1, 1, 1, 1, 1, 0, 0, 0, 1, 0, 1, 1, 1, 0, 1, 0, 0, 1, 0, 1, 1, 1, 1]}, "_step": 1, "val_accuracy": 0.8333641290664673, "loss": 0.6402072310447693, "_runtime": 2507.2207400798798, "val_loss": 0.5360960364341736, "_timestamp": 1597685793.612133, "best_val_loss": 0.5360960364341736, "best_epoch": 0, "real_acc": 0.8333641290664673}
