{"graph": {"_type": "graph-file", "path": "media/graph/graph_summary_716bc4e2.graph.json", "sha256": "716bc4e2e3b2ae23d5ab7073df19e11be1bc488bb6df8379c6a5d3ed2d4ec588", "size": 3405}, "_timestamp": 1597683274.01651, "_step": 1, "epoch": 0, "_runtime": 149.82499885559082, "loss": 0.6020423769950867, "val_loss": 0.5265480875968933, "val_accuracy": 0.8389063477516174, "examples": {"width": 32, "height": 64, "format": "png", "count": 36, "_type": "images", "captions": [0, 1, 1, 0, 0, 1, 1, 0, 1, 1, 1, 0, 1, 1, 1, 1, 0, 1, 1, 1, 1, 1, 0, 1, 1, 1, 1, 1, 0, 1, 0, 0, 1, 0, 0, 0]}, "accuracy": 0.787733256816864, "best_val_loss": 0.5265480875968933, "best_epoch": 0, "real_acc": 0.8389063477516174}
