{"graph": {"_type": "graph-file", "path": "media/graph/graph_summary_7e6a3af3.graph.json", "sha256": "7e6a3af3d34d9ec46644e2b9b4a15cbe5dca824060236ac242bd8c1c04dbf0d8", "size": 3405}, "val_loss": 0.10698369890451431, "val_accuracy": 0.9750508069992065, "_step": 139, "epoch": 69, "_timestamp": 1597861104.715729, "_runtime": 12990.029036998749, "examples": {"width": 43, "height": 60, "format": "png", "count": 36, "_type": "images", "captions": [1, 1, 0, 1, 0, 1, 1, 1, 0, 1, 0, 1, 1, 0, 1, 0, 0, 0, 0, 1, 1, 0, 0, 0, 1, 1, 0, 1, 0, 0, 0, 0, 1, 1, 0, 1]}, "accuracy": 0.9733850955963135, "loss": 0.11357423663139343, "best_val_loss": 0.09923069179058075, "best_epoch": 67, "score": {"Accuracy %": 83.75, "Precision %": 84.1, "Recall %": 88.16000000000001, "F1-Score %": 86.08, "AUROC %": 83.03, "ConfusionMatrixCounts": {"FP": 38, "FN": 27, "TN": 134, "TP": 201}}}
