{"graph": {"_type": "graph-file", "path": "media/graph/graph_summary_7e6a3af3.graph.json", "sha256": "7e6a3af3d34d9ec46644e2b9b4a15cbe5dca824060236ac242bd8c1c04dbf0d8", "size": 3405}, "val_loss": 0.464199036359787, "val_accuracy": 0.8691554069519043, "_step": 3, "epoch": 1, "_timestamp": 1597848567.757259, "_runtime": 453.0705668926239, "examples": {"width": 43, "height": 60, "format": "png", "count": 36, "_type": "images", "captions": [0, 0, 0, 1, 1, 1, 1, 1, 1, 1, 1, 1, 1, 1, 0, 0, 1, 1, 1, 1, 0, 0, 0, 1, 1, 1, 1, 0, 0, 0, 0, 0, 0, 1, 0, 0]}, "accuracy": 0.8414194583892822, "loss": 0.5055999159812927, "best_val_loss": 0.464199036359787, "best_epoch": 1, "score": {"Accuracy %": 52.0, "Precision %": 64.52, "Recall %": 35.089999999999996, "F1-Score %": 45.45, "AUROC %": 54.75, "ConfusionMatrixCounts": {"FP": 44, "FN": 148, "TN": 128, "TP": 80}}}
