{"graph": {"_type": "graph-file", "path": "media/graph/graph_summary_716bc4e2.graph.json", "sha256": "716bc4e2e3b2ae23d5ab7073df19e11be1bc488bb6df8379c6a5d3ed2d4ec588", "size": 3405}, "val_loss": 0.4884810447692871, "examples": {"width": 32, "height": 64, "format": "png", "count": 36, "_type": "images", "captions": [0, 0, 1, 1, 0, 0, 1, 1, 0, 0, 0, 0, 1, 0, 1, 1, 0, 1, 0, 1, 0, 0, 1, 0, 1, 1, 1, 1, 1, 1, 1, 0, 1, 0, 1, 0]}, "_timestamp": 1597690629.300649, "val_accuracy": 0.8661555647850037, "epoch": 0, "_step": 1, "accuracy": 0.7947225570678711, "_runtime": 185.41942501068115, "loss": 0.5925494432449341, "best_val_loss": 0.4884810447692871, "best_epoch": 0, "real_acc": 0.8661555647850037}
