{"graph": {"_type": "graph-file", "path": "media/graph/graph_summary_716bc4e2.graph.json", "sha256": "716bc4e2e3b2ae23d5ab7073df19e11be1bc488bb6df8379c6a5d3ed2d4ec588", "size": 3405}, "_runtime": 191.44229340553284, "val_loss": 0.47754573822021484, "_step": 1, "loss": 0.6007580161094666, "epoch": 0, "examples": {"width": 32, "height": 64, "format": "png", "count": 36, "_type": "images", "captions": [0, 1, 1, 0, 1, 1, 1, 0, 1, 1, 0, 0, 1, 1, 1, 1, 1, 1, 0, 1, 0, 0, 0, 1, 0, 1, 0, 1, 0, 1, 0, 1, 0, 1, 0, 1]}, "val_accuracy": 0.8686495423316956, "accuracy": 0.7893651127815247, "_timestamp": 1597690837.2244532, "best_val_loss": 0.47754573822021484, "best_epoch": 0, "real_acc": 0.8686495423316956}
