{"graph": {"_type": "graph-file", "path": "media/graph/graph_summary_716bc4e2.graph.json", "sha256": "716bc4e2e3b2ae23d5ab7073df19e11be1bc488bb6df8379c6a5d3ed2d4ec588", "size": 3405}, "val_loss": 0.10872387886047363, "_step": 139, "_timestamp": 1597626569.949412, "epoch": 69, "accuracy": 0.9730894565582275, "examples": {"width": 32, "height": 64, "format": "png", "count": 36, "_type": "images", "captions": [1, 0, 0, 0, 0, 1, 1, 0, 0, 0, 1, 0, 1, 0, 1, 0, 1, 0, 1, 0, 0, 1, 1, 0, 1, 1, 0, 1, 0, 0, 1, 0, 0, 0, 0, 0]}, "val_accuracy": 0.9721965789794922, "_runtime": 27916.47865009308, "loss": 0.11036258190870285, "best_val_loss": 0.10334104299545288, "best_epoch": 67, "real_acc": 0.9721965789794922}
