{"graph": {"_type": "graph-file", "path": "media/graph/graph_summary_7e6a3af3.graph.json", "sha256": "7e6a3af3d34d9ec46644e2b9b4a15cbe5dca824060236ac242bd8c1c04dbf0d8", "size": 3405}, "val_loss": 0.6314647793769836, "accuracy": 0.7708775997161865, "loss": 0.6279987692832947, "_runtime": 273.2283339500427, "_step": 1, "examples": {"width": 43, "height": 60, "format": "png", "count": 36, "_type": "images", "captions": [0, 1, 0, 0, 1, 1, 1, 1, 1, 1, 1, 1, 0, 1, 0, 1, 1, 1, 0, 0, 0, 1, 0, 0, 1, 1, 0, 1, 1, 1, 0, 0, 1, 1, 1, 0]}, "_timestamp": 1597834580.833735, "epoch": 0, "val_accuracy": 0.7656625509262085, "best_val_loss": 0.6314647793769836, "best_epoch": 0, "real_acc": 0.7656625509262085}
