{"graph": {"_type": "graph-file", "path": "media/graph/graph_summary_7e6a3af3.graph.json", "sha256": "7e6a3af3d34d9ec46644e2b9b4a15cbe5dca824060236ac242bd8c1c04dbf0d8", "size": 3405}, "_runtime": 1319.5917000770569, "val_accuracy": 0.9175752997398376, "val_loss": 0.3177134096622467, "examples": {"width": 43, "height": 60, "format": "png", "count": 36, "_type": "images", "captions": [1, 1, 1, 0, 1, 0, 0, 1, 0, 0, 1, 1, 0, 1, 0, 1, 1, 1, 1, 0, 1, 0, 1, 1, 1, 0, 0, 1, 1, 1, 0, 1, 0, 0, 0, 0]}, "epoch": 6, "_step": 13, "loss": 0.3538009524345398, "_timestamp": 1597828842.394668, "accuracy": 0.9024119973182678, "best_val_loss": 0.3177134096622467, "best_epoch": 6, "real_acc": 0.9175752997398376}
