{"graph": {"_type": "graph-file", "path": "media/graph/graph_summary_716bc4e2.graph.json", "sha256": "716bc4e2e3b2ae23d5ab7073df19e11be1bc488bb6df8379c6a5d3ed2d4ec588", "size": 3405}, "examples": {"width": 32, "height": 64, "format": "png", "count": 36, "_type": "images", "captions": [0, 0, 0, 0, 0, 0, 0, 1, 1, 0, 1, 0, 1, 1, 1, 1, 1, 1, 1, 1, 1, 0, 0, 1, 0, 1, 1, 1, 0, 0, 1, 1, 1, 1, 0, 1]}, "loss": 0.43906378746032715, "val_accuracy": 0.8845372200012207, "_runtime": 446.5155050754547, "_step": 5, "val_loss": 0.4142877459526062, "epoch": 2, "accuracy": 0.8730832934379578, "_timestamp": 1597742406.71777, "best_val_loss": 0.4142877459526062, "best_epoch": 2, "real_acc": 0.8845372200012207}
