{"graph": {"_type": "graph-file", "path": "media/graph/graph_summary_716bc4e2.graph.json", "sha256": "716bc4e2e3b2ae23d5ab7073df19e11be1bc488bb6df8379c6a5d3ed2d4ec588", "size": 3405}, "val_accuracy": 0.8481433391571045, "_step": 1, "loss": 0.6228799819946289, "val_loss": 0.5192670822143555, "examples": {"width": 32, "height": 64, "format": "png", "count": 36, "_type": "images", "captions": [1, 1, 1, 1, 0, 0, 1, 0, 0, 0, 0, 0, 1, 0, 1, 1, 0, 0, 0, 0, 1, 1, 1, 1, 1, 1, 0, 0, 0, 0, 0, 0, 1, 1, 0, 0]}, "_timestamp": 1597678936.361671, "epoch": 0, "accuracy": 0.7739700675010681, "_runtime": 167.72848796844482, "best_val_loss": 0.5192670822143555, "best_epoch": 0, "real_acc": 0.8481433391571045}
