{"graph": {"_type": "graph-file", "path": "media/graph/graph_summary_716bc4e2.graph.json", "sha256": "716bc4e2e3b2ae23d5ab7073df19e11be1bc488bb6df8379c6a5d3ed2d4ec588", "size": 3405}, "epoch": 0, "val_loss": 0.48552241921424866, "_step": 1, "_timestamp": 1597682817.298739, "_runtime": 140.350280046463, "examples": {"width": 32, "height": 64, "format": "png", "count": 36, "_type": "images", "captions": [1, 1, 0, 0, 0, 0, 1, 1, 0, 1, 1, 1, 0, 1, 0, 1, 1, 0, 0, 1, 0, 0, 1, 1, 0, 0, 0, 0, 1, 1, 0, 1, 1, 1, 0, 0]}, "accuracy": 0.7813904881477356, "loss": 0.6133711934089661, "val_accuracy": 0.861259937286377, "best_val_loss": 0.48552241921424866, "best_epoch": 0, "real_acc": 0.861259937286377}
