{"graph": {"_type": "graph-file", "path": "media/graph/graph_summary_7e6a3af3.graph.json", "sha256": "7e6a3af3d34d9ec46644e2b9b4a15cbe5dca824060236ac242bd8c1c04dbf0d8", "size": 3405}, "val_loss": 0.3290961682796478, "epoch": 6, "_step": 12, "_runtime": 1304.4618952274323, "accuracy": 0.9061393141746521, "_timestamp": 1597830540.8202271, "loss": 0.34768807888031006, "examples": {"width": 43, "height": 60, "format": "png", "count": 36, "_type": "images", "captions": [0, 0, 0, 1, 1, 0, 1, 0, 0, 1, 1, 1, 0, 1, 0, 1, 0, 0, 0, 0, 0, 1, 0, 1, 1, 0, 1, 1, 1, 1, 0, 1, 1, 1, 0, 1]}, "val_accuracy": 0.9130474925041199, "best_val_loss": 0.3290961682796478, "best_epoch": 6, "real_acc": 0.9057475328445435}
