{"graph": {"_type": "graph-file", "path": "media/graph/graph_summary_716bc4e2.graph.json", "sha256": "716bc4e2e3b2ae23d5ab7073df19e11be1bc488bb6df8379c6a5d3ed2d4ec588", "size": 3405}, "examples": {"width": 32, "height": 64, "format": "png", "count": 36, "_type": "images", "captions": [1, 1, 0, 0, 1, 1, 1, 0, 0, 0, 0, 1, 1, 1, 1, 1, 1, 1, 1, 1, 1, 0, 1, 1, 0, 1, 0, 0, 1, 1, 0, 1, 1, 0, 1, 1]}, "val_loss": 0.34982216358184814, "_step": 9, "accuracy": 0.8870004415512085, "_timestamp": 1597697667.259619, "loss": 0.3948160409927368, "_runtime": 987.3347690105438, "epoch": 4, "val_accuracy": 0.9081839919090271, "best_val_loss": 0.34982216358184814, "best_epoch": 4, "real_acc": 0.9081839919090271}
