{"graph": {"_type": "graph-file", "path": "media/graph/graph_summary_7e6a3af3.graph.json", "sha256": "7e6a3af3d34d9ec46644e2b9b4a15cbe5dca824060236ac242bd8c1c04dbf0d8", "size": 3405}, "epoch": 0, "examples": {"width": 43, "height": 60, "format": "png", "count": 36, "_type": "images", "captions": [1, 1, 0, 1, 1, 0, 1, 1, 1, 1, 1, 0, 1, 0, 1, 0, 1, 0, 0, 1, 0, 0, 0, 0, 1, 1, 0, 1, 1, 0, 0, 0, 1, 1, 0, 1]}, "_timestamp": 1597835616.191689, "loss": 0.6268061995506287, "val_accuracy": 0.8104786276817322, "val_loss": 0.5673137307167053, "_step": 1, "accuracy": 0.7701383233070374, "_runtime": 188.91252994537354, "best_val_loss": 0.5673137307167053, "best_epoch": 0, "real_acc": 0.8104786276817322}
