{"graph": {"_type": "graph-file", "path": "media/graph/graph_summary_7e6a3af3.graph.json", "sha256": "7e6a3af3d34d9ec46644e2b9b4a15cbe5dca824060236ac242bd8c1c04dbf0d8", "size": 3405}, "accuracy": 0.8432061076164246, "examples": {"width": 43, "height": 60, "format": "png", "count": 36, "_type": "images", "captions": [1, 0, 1, 1, 0, 0, 0, 0, 0, 0, 0, 1, 0, 1, 0, 1, 0, 0, 1, 1, 0, 1, 0, 0, 0, 0, 0, 0, 0, 0, 0, 1, 0, 0, 0, 0]}, "loss": 0.5072559118270874, "_runtime": 375.84330892562866, "epoch": 1, "_step": 3, "val_accuracy": 0.8689706325531006, "val_loss": 0.4596216380596161, "_timestamp": 1597835135.931963, "best_val_loss": 0.4596216380596161, "best_epoch": 1, "real_acc": 0.8689706325531006}
