{"graph": {"_type": "graph-file", "path": "media/graph/graph_summary_716bc4e2.graph.json", "sha256": "716bc4e2e3b2ae23d5ab7073df19e11be1bc488bb6df8379c6a5d3ed2d4ec588", "size": 3405}, "_step": 1, "_timestamp": 1597682965.16227, "loss": 0.630311131477356, "examples": {"width": 32, "height": 64, "format": "png", "count": 36, "_type": "images", "captions": [0, 1, 0, 1, 1, 1, 1, 1, 1, 1, 1, 0, 0, 0, 1, 1, 0, 1, 1, 1, 1, 1, 0, 1, 1, 0, 1, 1, 1, 0, 0, 1, 1, 0, 0, 0]}, "val_accuracy": 0.8507297039031982, "_runtime": 137.05824327468872, "accuracy": 0.7732003331184387, "val_loss": 0.511038601398468, "epoch": 0, "best_val_loss": 0.511038601398468, "best_epoch": 0, "real_acc": 0.8507297039031982}
