{"graph": {"_type": "graph-file", "path": "media/graph/graph_summary_7e6a3af3.graph.json", "sha256": "7e6a3af3d34d9ec46644e2b9b4a15cbe5dca824060236ac242bd8c1c04dbf0d8", "size": 3405}, "accuracy": 0.7897606492042542, "_timestamp": 1597846300.797271, "_runtime": 182.32116103172302, "loss": 0.6044510006904602, "val_loss": 0.5192038416862488, "epoch": 0, "examples": {"width": 43, "height": 60, "format": "png", "count": 36, "_type": "images", "captions": [0, 1, 0, 1, 1, 1, 0, 0, 0, 0, 0, 1, 1, 0, 0, 1, 0, 1, 0, 1, 1, 0, 0, 0, 1, 1, 1, 1, 1, 0, 1, 1, 0, 1, 0, 0]}, "_step": 0, "val_accuracy": 0.8575124740600586, "best_val_loss": 0.5192038416862488, "best_epoch": 0}
